Date,AAP,AXP,BA,CAT,CVX,DIS,DOW,GS,HD,IBM,INT,JNJ,JPM,KO,MCD,MMM,MRK,NKE,PFE,PG,RTX,TRV,UNH,V,VZ,WBA,WMT,XOM
2020-05-01,133.479996,89.330002,137.529999,112.470001,88.973793,118.019997,36.119999,179.929993,241.880005,116.823257,23.790001,143.376099,89.470001,45.029999,184.410004,145.001831,76.370003,93.75,37.129967,112.599998,59.473198,100.099998,289.940002,190.540955,54.099998,39.15612,123.785492,43.751682
2020-04-01,120.910004,90.745918,141.020004,115.321251,90.668907,108.150002,36.689999,183.419998,219.830002,123.898369,25.0,149.007065,94.775154,45.889999,187.559998,150.427994,79.339996,87.18,37.98148,117.089134,64.240959,101.209999,292.470001,178.421249,56.838726,42.804764,121.01767,45.586117
2020-03-01,93.057098,85.137077,149.139999,114.984344,71.411621,96.599998,29.24,154.589996,185.469131,109.461983,25.071419,130.227264,89.10408,43.865299,165.350006,135.169342,76.309601,82.739998,32.317924,109.271271,58.843159,98.697426,248.304443,160.850662,53.158306,45.237186,112.624062,37.247791
2020-02-01,132.605362,109.322731,273.482849,123.109741,90.926765,117.650002,39.752926,199.549896,216.392242,127.100426,28.158051,132.707962,114.915863,53.024971,192.962479,146.448135,75.932709,89.132698,33.090225,112.479874,81.07634,119.023033,253.860382,181.193741,53.583729,44.854961,106.73613,49.747387
2020-01-01,131.37883,128.706467,316.387573,129.248459,104.369987,138.309998,45.320896,236.305161,226.584061,140.362228,38.951305,146.90834,130.163101,57.892284,212.639343,155.69191,84.739952,96.033562,36.499691,123.06337,93.251137,130.755463,271.274963,198.350143,58.201843,49.844292,113.486435,60.075966
2019-12-01,159.648163,123.374672,323.833313,145.317184,117.394318,143.768646,53.84008,228.532684,215.550034,130.899277,43.133354,143.947876,137.086258,54.868797,196.381088,173.11969,89.590477,101.029694,38.401119,123.339874,92.977966,135.228455,291.591064,187.314606,60.121017,57.793896,117.272278,67.483917
2019-11-01,156.578003,119.043831,361.902222,142.414383,112.988373,150.677261,51.838451,218.771347,217.65242,129.766998,42.12009,134.744766,129.573059,52.543274,192.039841,165.164185,85.876839,92.988693,37.39286,120.535347,91.371117,135.001358,277.595703,183.627609,58.985184,57.989254,117.51899,65.103073
2019-10-01,161.960739,115.786423,335.939117,134.537766,112.033386,129.146255,49.0411,210.894196,231.5401,129.072067,41.494247,129.403564,121.870331,53.556744,194.231979,160.513855,85.364616,89.069824,37.24725,122.174316,88.439163,129.412506,250.646515,178.004639,58.600636,53.299522,115.713135,64.567955
2019-09-01,164.807068,116.773697,376.025269,123.319771,114.406403,129.543869,46.2826,204.815826,227.623276,140.354889,39.576939,126.796684,114.816841,53.177788,212.016006,159.939865,82.374245,93.416389,34.878647,122.046753,84.090508,146.033188,214.542282,171.187393,58.494038,53.815197,117.114395,67.472893
2019-08-01,137.455475,118.837082,357.605164,116.182831,112.402039,136.442535,40.724983,200.277557,223.591141,129.286041,38.050941,124.86142,107.178001,53.763874,214.103012,155.90596,84.61512,83.83033,34.189899,117.974602,79.747932,144.334091,231.009079,179.695999,56.362045,49.354652,112.200409,64.633873
2019-07-01,150.099991,122.403351,335.10321,127.571281,117.548546,141.28334,46.275349,216.208618,209.640625,141.410492,38.68512,126.670731,112.372536,51.409752,206.981628,168.438614,81.209778,85.348206,37.354031,115.080521,81.805298,144.000168,245.82724,176.893494,53.003937,52.536339,108.390343,70.183624
2019-06-01,153.527527,121.48806,357.526581,132.047455,118.818474,137.954025,47.106476,193.500473,202.607849,131.546844,35.523304,135.483795,108.303879,49.354122,203.975922,167.108215,81.50695,83.284698,41.662628,106.900871,79.723427,146.040192,239.829071,172.471176,54.787678,52.709881,108.49836,72.326134
2019-05-01,154.384094,112.896111,333.608948,116.08046,107.647743,130.445786,44.028481,178.434921,184.955063,119.717407,28.786129,126.708397,102.646507,47.619167,193.618637,152.700272,76.996613,76.316238,39.580452,100.329865,76.911156,142.182129,237.656952,160.080933,52.121655,47.172291,99.085136,66.038292
2019-04-01,165.659119,114.969269,368.843903,134.266159,113.519432,135.316269,53.416073,201.344254,198.447952,132.236877,30.475363,136.418015,111.567276,47.551323,192.935074,181.146957,76.51059,86.892097,38.712959,103.082748,86.843216,140.40448,229.076523,163.156891,54.286373,51.216454,100.452637,74.912453
2019-03-01,169.790314,107.192184,372.486572,130.481461,116.469475,109.689461,48.613995,187.723816,185.560699,133.019348,28.48222,135.055756,97.31974,45.025909,185.444977,198.610703,80.301033,83.096954,40.486073,100.73027,78.488335,133.18335,242.099335,154.980698,56.127884,60.490288,94.756042,75.39769
2019-02-01,161.078247,105.66227,427.507721,132.263077,111.940331,111.477608,,191.555557,179.03334,128.719696,27.29916,131.142685,100.328835,43.565399,178.391403,196.876785,78.485893,84.596863,41.324966,95.405746,76.075417,129.056564,237.164536,146.717117,54.030083,67.648865,96.174522,72.936279
2019-01-01,158.50946,100.308929,374.705688,127.417877,107.325279,110.173546,,192.831314,177.476425,125.262436,24.538679,127.725929,98.700508,46.246197,173.481369,190.146179,71.862526,80.797752,40.116646,92.659035,71.474693,121.900223,264.560547,133.731277,51.725132,68.665634,93.104393,67.629639
2018-12-01,156.716766,93.100761,313.372223,121.590485,101.839668,107.49234,,162.68103,166.152695,105.926056,21.053232,123.858055,93.093178,45.496727,172.307236,180.880936,73.260666,73.160057,41.250687,88.288788,64.458572,115.564163,243.920502,130.690369,52.814873,64.931129,90.009438,62.932121
2018-11-01,176.87117,109.656113,335.396851,129.819626,110.263588,113.217415,,184.953766,173.335464,114.347557,25.36025,140.097733,106.033913,48.047421,181.801819,196.041122,76.069901,73.90773,43.354313,90.776466,73.336281,125.81295,274.610107,140.116272,56.647755,80.026131,94.357727,72.633743
2018-10-01,159.005905,99.977402,343.231323,115.353264,103.505386,112.570404,,218.59053,169.067459,106.213402,31.466766,133.507721,103.241554,45.645042,170.60495,179.390076,70.57608,73.829025,40.381504,84.430511,74.76281,120.756096,255.08017,136.299683,53.044884,75.394882,96.89904,72.798195
2018-09-01,167.476166,103.63665,359.712952,144.99028,113.359947,114.638885,,217.494553,199.126221,139.13652,27.16024,131.772003,106.859077,43.662537,161.336945,198.671738,67.555191,83.352821,41.328674,79.241684,84.152534,124.448975,258.784515,148.401993,49.60704,68.90168,90.743828,77.676987
2018-08-01,163.197968,103.140327,329.926666,132.021118,108.775726,109.815689,,229.895004,192.009109,133.343567,27.50367,127.602768,108.506859,42.13118,155.486343,197.545609,65.317322,80.674782,38.608551,78.975082,78.849907,126.262306,261.138458,145.02002,50.517601,64.390175,92.093185,72.498085
2018-07-01,140.513626,96.506927,342.929688,135.89444,115.94725,110.43766,,229.527634,188.90097,131.932587,27.307423,125.546967,108.268875,44.078457,150.991287,198.856842,62.727108,75.482925,37.130035,76.311508,81.268692,124.861526,246.314117,134.999237,47.431137,63.507362,85.723724,73.709869
2018-06-01,134.953461,95.032967,322.91983,128.21138,116.094177,101.928246,,213.228806,186.586578,127.171593,19.971933,114.955231,98.143684,41.094044,149.228714,184.246033,57.360485,77.983704,33.735985,73.65081,74.856522,116.676025,237.807816,130.76387,46.209541,56.369591,82.284393,74.813118
2018-05-01,127.912415,95.323898,337.262634,143.558578,113.151627,96.735069,,217.592606,177.416351,127.224907,20.431847,112.491432,100.790375,40.28828,152.390625,183.468887,56.254856,70.271461,33.08754,69.03701,74.311562,122.569908,234.095428,128.848831,43.784706,58.238911,78.800156,72.728516
2018-04-01,113.820366,95.402092,319.449463,135.740204,113.888969,97.571426,,229.585815,175.752029,130.511124,21.009186,118.952019,101.940552,40.485035,159.466827,180.827072,55.631161,66.934059,33.713745,67.627922,71.531273,125.507301,229.142288,125.063782,44.764523,62.028778,84.451927,69.604172
2018-03-01,117.836433,90.117538,314.009766,138.579926,103.811829,97.678398,,242.619415,168.551956,138.136856,23.96269,120.513107,103.05574,40.335106,148.933456,204.203659,51.027016,64.829475,32.682343,74.11586,74.906914,131.744629,206.745468,117.907715,43.376686,61.113995,84.435425,66.793144
2018-02-01,113.562325,94.204132,345.183502,145.396973,100.877747,100.323616,,252.574295,172.362915,138.929779,22.30336,121.362869,108.238037,40.140068,149.284286,217.793777,50.792828,65.405159,33.130547,73.405357,79.774246,131.877457,218.493271,120.969589,43.304127,63.929775,85.422409,67.118423
2018-01-01,116.28582,95.692429,337.712097,152.353226,112.98275,105.682114,,257.338959,189.980286,145.946259,27.222792,129.12793,107.835609,44.198658,161.965988,231.656143,55.504883,66.566322,33.796623,80.105644,81.710274,142.237869,228.753265,122.238922,48.493618,69.841133,101.166855,77.362541
2017-12-01,99.029663,95.605774,281.04715,147.486282,112.838524,103.719643,,244.726044,179.228302,136.781158,27.406685,130.557571,99.696892,42.610512,162.893448,217.664322,52.268639,60.831726,33.048428,85.245621,75.529175,127.999229,212.986496,112.192528,47.471184,67.391205,93.225639,74.119148
2017-11-01,100.330978,94.065468,262.377899,132.108704,106.255554,101.124474,,237.141281,169.18898,131.631805,26.043171,129.400757,97.440788,42.162678,161.787003,223.721191,51.339756,58.760235,32.785339,83.492111,71.477631,127.933189,203.286423,110.589508,45.641582,67.132744,91.790672,73.132179
2017-10-01,81.198547,91.603516,244.538559,126.347771,103.487312,94.361626,,232.199997,155.979004,135.992432,27.029911,129.475037,93.250526,42.356125,157.026596,211.80545,51.172554,53.479408,31.700329,79.510185,70.483009,124.988945,202.410202,108.025894,42.424084,61.144676,82.425613,73.18486
2017-09-01,98.480507,86.750977,240.964951,116.029694,104.925018,95.094833,,227.134277,153.890274,128.065598,32.970661,120.744911,88.523582,41.135265,147.402359,193.135956,59.049713,50.425663,32.279007,83.783165,68.3172,114.911209,187.86113,103.370117,43.859795,71.247803,73.768623,71.981941
2017-08-01,97.189934,82.569748,225.826126,109.312218,95.1464,97.632111,,213.525238,140.180649,124.935982,33.58321,122.159637,84.241516,41.628777,149.60997,186.926468,58.892944,51.183403,30.372887,84.971123,70.034126,113.654419,190.786728,101.517189,42.512722,74.82605,73.241837,66.377617
2017-07-01,111.197601,81.428078,228.464523,105.258842,96.534447,105.271187,,215.042664,139.928131,126.3685,31.444149,122.482674,84.619514,41.893814,145.092758,184.044601,58.911388,57.231209,29.692369,82.985153,69.361404,120.1353,183.985916,97.633804,42.339012,74.064003,75.043098,69.603882
2017-06-01,115.688164,80.482239,186.335297,99.263847,92.237732,101.747154,,211.769272,143.482437,134.369736,37.322346,122.085823,84.250801,40.654469,142.348648,190.46701,58.673622,56.98851,30.077398,79.63176,71.432251,117.983284,177.125092,91.965637,39.06736,71.897263,70.999641,70.203911
2017-05-01,132.596359,73.507874,175.456284,97.388664,90.564995,103.365532,,200.938538,142.760345,132.031769,34.303555,117.577744,75.724319,41.216476,140.238846,185.953079,59.607433,51.183407,28.955429,80.490646,70.560997,116.416756,167.343185,93.222168,40.799412,74.057022,73.248886,69.34903
2017-04-01,141.040527,75.405228,172.837936,93.682297,93.383102,110.700897,,212.865906,145.168961,138.657974,35.749863,113.195511,79.28019,39.113495,130.052521,178.095551,57.062374,53.520901,30.081717,79.190193,69.228668,113.442238,167.05661,89.296715,39.687691,79.102623,70.061714,70.339722
2017-03-01,147.054825,75.272018,165.385056,84.979164,93.969482,108.584564,,218.496658,135.722107,150.638855,35.129166,114.185638,80.045654,38.133331,120.460999,174.003082,57.753349,53.662792,30.338907,81.475327,65.28405,111.781326,156.091095,86.996262,42.142776,75.91256,66.682449,70.649849
2017-02-01,155.336945,76.175934,167.098999,88.552032,97.525711,105.424408,,235.325531,133.947403,154.332016,35.05164,111.303864,82.578964,37.702045,117.772491,168.377502,59.871143,55.039742,29.953915,82.581604,65.094505,113.357803,157.394943,85.922318,42.903515,78.60096,65.618568,69.420639
2017-01-01,162.904938,72.365822,151.513748,86.914749,96.528801,105.960678,,217.547546,127.171875,149.783249,43.104702,103.143471,76.696121,37.35162,113.085571,157.959534,56.344505,50.937759,27.855742,78.810913,63.428814,109.221878,154.273315,80.812309,41.919743,74.560814,61.742313,71.614571
2016-12-01,167.687958,70.186707,144.337631,84.261688,102.033577,99.039902,,227.157562,123.936684,142.462296,44.43338,104.928543,77.475471,37.737988,112.301353,161.275543,53.101173,49.622494,27.829407,75.644073,63.399899,112.87368,152.312744,76.229912,45.657551,75.306969,63.489693,77.052467
2016-11-01,168.282867,68.253929,137.465042,86.823875,95.752243,94.193405,,207.389648,118.978966,137.97496,43.030025,100.671822,72.654205,35.951485,109.191818,154.188004,55.193832,48.039413,27.937052,74.186615,61.919155,104.510941,150.078232,75.387314,42.680996,76.745949,64.692986,73.871475
2016-10-01,138.893829,62.614182,130.04216,75.166557,89.907211,88.082977,,168.567337,112.184097,130.719803,38.955425,104.913948,62.314026,37.778019,103.057968,148.406189,52.965874,48.144951,27.563284,77.493324,58.746159,99.744118,133.972687,80.447594,40.677902,74.934402,64.316383,70.50367
2016-09-01,147.796494,60.370567,120.281921,79.948891,88.336525,88.244537,,152.518234,118.316933,135.108627,44.711315,106.849602,59.911797,37.401173,105.612213,158.219131,55.88448,50.236881,29.440817,80.127022,58.401272,105.024178,132.101883,80.632851,43.95919,73.023224,66.245323,73.854568
2016-08-01,155.983185,61.822315,117.219696,73.806602,85.427963,89.765015,,159.639511,122.689682,133.97702,43.087559,107.228706,60.730537,38.382164,105.070305,159.925018,56.224751,54.998165,29.999828,77.948631,60.807732,108.838242,128.374771,78.741188,44.25518,72.773651,65.174568,73.112617
2016-07-01,168.352402,60.766499,121.031937,73.824921,87.041733,90.523369,,149.60672,126.458565,135.444305,46.006466,112.520973,57.109982,38.55891,106.87809,159.139832,52.526577,52.956249,31.801544,75.819366,61.504787,106.555283,135.121353,75.967255,46.391575,71.457222,66.570381,74.631264
2016-06-01,160.132492,56.991611,117.600014,67.625267,89.037712,92.287613,,139.969528,116.807671,127.989868,45.841232,108.98983,55.476215,39.756439,108.524094,156.248962,51.168667,52.516582,30.353277,75.004372,58.590939,108.502609,132.630234,72.190765,46.751587,75.081917,66.61599,78.650192
2016-05-01,152.414658,61.681522,113.307243,64.681557,84.887352,93.608437,,149.624573,120.237503,127.183037,44.374016,100.535805,58.270561,39.116196,110.075211,149.188324,49.969608,52.535606,29.648117,71.788765,57.086353,104.036354,125.557251,76.697678,42.615608,69.469528,64.103104,74.067513
2016-04-01,154.653717,61.076286,121.076614,68.659615,85.879097,97.419945,,153.96846,121.848305,120.730377,45.107624,99.9916,56.007893,39.291607,114.070244,148.355194,48.70837,56.07476,27.947832,70.397552,59.237446,100.171684,123.688011,75.045959,42.203606,71.156906,60.561951,73.551651
2016-03-01,158.794327,57.314445,114.0168,67.617157,80.180717,93.693352,,147.279037,120.765594,125.288597,46.835133,96.530067,52.480804,40.371281,113.339783,147.69046,46.586594,58.331387,25.324789,72.3218,56.813919,105.791115,120.579132,74.307556,44.805096,75.608681,61.573303,69.549576
2016-02-01,147.009094,51.881706,105.175369,59.807701,69.250351,90.117691,,139.68251,112.339272,107.299942,45.128716,93.187225,49.893093,37.534229,104.888794,138.042435,44.209282,58.445271,25.098099,70.546928,54.432934,97.460907,111.411743,70.051414,42.029621,70.520828,59.640423,66.087555
2016-01-01,150.584274,49.722496,106.910767,53.605896,71.765068,90.400734,,150.920303,113.823624,102.190018,37.551029,92.505219,52.377575,37.351475,110.787041,132.876953,44.614307,58.843815,25.791739,71.156937,49.402027,97.02581,107.726097,72.08358,40.896942,71.217636,59.658409,64.191086
2015-12-01,148.999359,64.639244,128.679169,58.532402,74.661575,98.505562,,168.360748,119.17012,112.696465,37.023079,90.981773,58.1259,37.386284,105.739052,132.56012,46.108894,59.021957,27.305914,69.170921,54.123077,101.75193,109.572716,75.044731,37.827827,76.077438,54.651642,64.273537
2015-11-01,161.09671,66.581673,128.649109,62.571785,74.875832,106.370651,,176.900253,120.638893,113.109474,41.961403,89.014694,58.698101,36.808113,101.381943,136.887817,46.274746,62.4594,27.498455,65.190147,53.764309,103.293633,104.980812,76.320396,37.197624,74.737648,52.458443,66.750732
2015-10-01,196.438339,67.830551,130.966507,62.169838,74.51506,106.623749,,174.55426,111.411659,113.644905,42.798908,88.830063,56.153805,36.574932,99.685722,137.438583,47.715111,61.869175,28.379551,65.939049,55.085323,101.778976,109.703125,74.939079,37.875977,75.315804,51.031975,67.63353
2015-09-01,187.564026,68.63607,115.823997,55.670918,64.675926,95.805756,,161.762894,103.540504,117.612122,34.408218,82.077461,53.287121,34.35141,87.501419,123.940422,42.746681,57.769718,26.357233,62.105988,49.812458,89.173996,107.589119,67.288666,35.153233,73.910515,57.807701,60.775364
2015-08-01,173.432144,71.034119,114.852417,64.444023,65.579659,95.505775,,174.975082,104.410133,118.993248,37.147415,82.004066,56.022709,33.666447,85.68087,123.405022,46.606777,52.498714,27.693218,61.009575,50.946194,90.849426,107.301605,68.760193,37.173077,76.678123,57.318253,60.932755
2015-07-01,172.402924,70.423035,126.708534,66.360977,71.644516,111.841606,,190.255325,104.921158,130.338211,39.069668,87.440178,59.50555,35.173382,87.908081,131.392426,51.029446,54.128876,30.024578,65.677582,55.784439,95.078323,112.587868,72.656281,37.363232,85.608376,63.738113,64.14785
2015-06-01,157.578247,71.691788,121.91864,71.585136,78.114204,106.380013,,193.706589,99.105225,130.877335,46.029335,85.040619,58.836956,33.314541,83.69136,133.96228,48.900536,50.746399,27.918026,66.996277,61.690434,86.070679,112.667107,64.758018,37.21949,74.808769,62.808323,67.379097
2015-05-01,151.573456,73.536636,122.714241,72.007111,82.578857,102.866318,,190.699646,99.363846,134.440536,48.026016,86.746529,57.117687,34.78368,83.720886,137.2444,52.302017,47.503159,28.696386,67.12471,64.805298,90.042076,111.014038,66.117821,39.47934,75.751442,65.353416,68.432793
2015-04-01,141.463303,71.442711,125.17688,72.720993,89.040848,101.328491,,181.66362,95.404282,135.740173,53.276913,85.932236,54.566849,34.443993,84.261971,134.923615,51.159603,46.180904,28.019238,67.540581,62.913734,90.033165,102.878006,63.58593,39.828247,73.183449,68.679642,70.175743
2015-03-01,148.022156,71.820717,131.062851,66.98735,84.166306,97.758888,,173.84845,100.798195,127.189522,55.117481,87.144989,52.255142,34.152115,85.038704,142.30864,48.976643,46.877075,28.729429,69.604774,64.821892,95.791954,108.876656,62.969807,38.39904,74.72776,71.943268,68.272156
2015-02-01,153.203827,75.010887,130.925522,69.389626,84.697128,97.003952,,174.982361,101.809654,127.436768,52.499695,88.182259,52.85894,36.468235,85.569275,144.601395,49.879833,45.114822,28.093468,72.314552,67.065498,95.180695,104.587502,64.823219,39.046524,73.00592,73.412766,70.584198
2015-01-01,157.22847,73.965836,126.169312,66.392746,81.402283,84.77594,,158.958389,92.644577,120.645462,46.957256,86.143509,46.607315,34.674278,79.979988,139.156845,51.362419,42.85257,25.580448,71.095634,63.143135,91.087852,97.794792,60.904823,35.671349,64.80722,74.331184,69.691322
2014-12-01,157.446045,85.286697,112.812035,75.990082,89.063774,86.684593,,178.707169,92.689873,126.256348,44.965515,89.954338,53.635265,35.558628,81.070152,140.88884,48.025677,44.408108,25.498587,76.831215,63.264168,93.281845,92.695885,62.646584,36.506367,66.960152,74.701073,73.701263
2014-11-01,145.38649,84.718346,115.937065,83.520164,85.64164,85.138458,,173.157196,87.771484,126.750244,43.384586,92.517426,51.561157,37.497646,83.026978,136.52919,51.078556,45.858349,25.279648,76.274521,60.22752,92.04808,90.440155,61.214222,39.47963,59.988342,76.144981,71.661209
2014-10-01,145.267899,82.209297,107.782799,83.556152,94.35762,84.098503,,174.609253,86.111427,128.493149,39.513699,92.115746,51.488522,35.030128,80.38549,131.139359,48.998203,42.939388,24.305794,73.049255,58.542385,88.831459,87.120758,57.240597,38.780151,56.149998,66.341995,76.544693
2014-09-01,128.742661,80.006683,109.914108,81.595161,93.862038,81.935745,,168.709,80.600403,148.369003,38.215115,91.098694,51.284199,35.42448,81.311699,120.828644,49.768368,41.198166,23.997402,70.094475,57.77639,82.302673,78.753242,50.587856,38.579498,51.822025,66.515961,74.439339
2014-08-01,134.78952,81.843712,108.755005,89.867546,100.972504,82.71801,,164.101135,82.14669,149.415833,42.484631,88.058716,50.611645,34.643921,79.003395,122.0793,50.465199,35.841282,23.851324,69.567131,58.746315,82.97728,79.145882,50.002972,38.448315,52.626797,65.242401,78.176704
2014-07-01,119.662506,80.205963,103.334412,82.490746,100.808685,79.036758,,158.384033,71.032715,148.926361,41.115704,84.968658,48.755451,32.626064,79.711487,119.442741,47.635914,35.193363,23.087666,64.208015,57.20665,78.465271,74.005241,49.64769,38.496822,59.800804,63.583267,77.767952
2014-06-01,133.243332,86.467514,109.123833,88.975365,101.830505,78.907913,,153.409058,70.715828,140.845612,47.090672,88.814255,48.713165,34.9128,84.921059,121.434959,48.204437,35.384998,23.876028,65.262642,62.810371,81.939278,74.29525,49.577114,37.359161,64.461723,64.870834,79.135628
2014-05-01,122.626923,83.395988,115.355225,83.702499,94.966965,77.315765,,145.920609,70.078224,142.417343,44.34539,85.535553,46.980053,33.717724,84.819046,120.11319,48.21278,34.872116,23.625221,67.089584,62.915108,81.399208,72.368553,50.165108,38.145599,62.24062,65.931664,78.484863
2014-04-01,119.782753,79.485428,110.041626,85.792847,97.078377,73.017899,,145.929764,69.449303,151.772247,43.561028,85.392242,47.030254,33.618816,84.777206,117.197777,48.796066,33.076595,24.940838,68.008095,64.057327,78.899323,68.197121,47.311615,35.286438,58.769821,68.456596,79.952606
2014-03-01,124.868484,81.849159,107.030876,80.884552,91.966133,73.68972,,149.609528,68.722099,148.697739,42.148575,82.812508,51.004055,31.612814,81.975845,114.307655,46.938137,33.489201,25.610605,66.401611,63.250732,73.686707,74.245102,50.405624,35.920746,57.151276,65.218918,76.259834
2014-02-01,125.717384,82.985603,109.339638,78.931038,88.412018,74.37075,,151.472183,71.240654,142.263138,43.027855,77.106644,47.735973,31.23667,78.895386,112.782967,47.120045,35.285061,25.390905,64.803352,63.017273,72.595673,69.970963,52.37973,35.928291,58.252209,63.742687,74.63044
2014-01-01,113.329239,77.09549,106.235519,75.44873,85.575584,66.824158,,149.351898,66.741982,135.740417,40.829639,74.051529,46.207176,30.925936,78.082794,107.308319,43.796253,32.829079,24.038727,62.649193,61.401752,70.379036,65.452324,49.943199,35.870712,49.165035,63.725609,71.444305
2013-12-01,109.192062,82.27327,115.759911,72.958138,95.756035,69.454697,,161.309479,71.160271,144.10704,41.212734,76.663017,48.811333,33.779758,80.454208,117.403778,41.009987,35.216904,24.2206,66.565781,61.283291,77.951294,67.928108,51.623966,36.707352,49.242191,66.758812,78.452309
2013-11-01,99.652077,77.802773,113.446663,67.968925,93.08094,64.127411,,153.23497,69.71698,137.307846,36.667496,78.68338,47.759655,32.635292,80.070183,111.215996,40.829731,35.440807,24.897665,68.863403,59.372242,78.123466,67.188385,46.787552,37.065907,50.487164,68.727013,71.977837
2013-10-01,97.846672,73.950943,110.277786,66.506897,91.19561,62.354687,,145.906113,67.314468,136.948746,36.428776,76.979393,42.704144,32.13184,79.371208,104.835083,36.945869,33.927174,24.081604,65.514351,56.90329,74.300804,61.577332,45.226128,37.307873,50.521267,65.112923,69.005722
2013-09-01,81.507263,68.273521,99.292244,66.538811,92.366318,58.627392,,143.502457,65.208252,141.510895,35.590866,72.05854,42.828419,30.537434,79.116272,99.470467,38.662247,32.529957,22.543648,61.327908,57.744122,72.531113,64.356987,43.945259,34.47155,45.881908,62.745972,66.249168
2013-08-01,78.934273,65.009918,87.418716,65.852692,90.802788,55.300121,,137.537354,64.03907,138.594269,36.392166,71.288689,41.867287,30.779278,76.973106,94.093452,38.402378,27.945873,22.135616,63.193954,53.341057,68.364243,64.473839,39.814121,34.995983,40.733597,61.540859,66.650887
2013-07-01,81.319946,66.488625,88.411346,65.689949,94.919533,58.772854,,148.295929,67.942078,148.304306,36.954987,77.137962,45.841522,32.310997,80.007668,97.282928,39.117001,27.990353,22.750458,64.665283,56.255878,71.487244,65.47139,40.405334,36.180191,42.580906,65.723419,71.690231
2013-06-01,79.961311,67.380951,86.173729,65.35717,89.226921,57.409218,,136.741791,66.272499,145.316025,38.102036,70.834946,43.423183,32.113205,80.758133,90.58918,37.37698,28.328444,21.8009,61.999725,49.525642,67.965591,58.333122,41.71558,36.809044,37.454247,62.814163,69.090248
2013-05-01,80.306091,68.237152,82.870583,67.979706,91.811623,57.345581,,146.071365,67.290512,157.436127,38.816814,68.930763,44.903797,32.017139,78.163506,90.833466,37.578152,27.246763,21.018591,61.814522,50.288048,71.197227,55.794182,40.365616,35.448986,40.244301,62.733032,68.706718
2013-04-01,82.630951,61.475372,76.501724,66.656212,91.258102,57.127399,,131.64267,62.748009,153.288696,38.64526,69.790573,40.063396,33.890606,82.671844,86.253464,37.819553,28.104025,22.438864,61.372047,48.375095,72.634415,53.388885,38.172173,39.009823,41.718906,65.147125,67.582764
2013-03-01,81.358276,60.621685,71.848503,68.466911,88.872154,51.636471,,132.615952,59.367599,161.432175,37.818203,66.760826,38.796337,32.144718,80.68882,87.571449,35.226917,26.075766,22.276775,61.603874,49.509094,71.192581,50.768227,38.484867,35.565445,0.842636,62.322598,68.433327
2013-02-01,75.146889,55.849957,63.947449,72.71804,86.946129,49.62738,,134.511139,58.278591,151.357407,36.209118,61.828121,39.989815,30.777542,77.000061,85.14283,34.055347,23.879175,21.12665,60.900383,47.697678,68.004593,47.431606,35.644386,33.669582,34.27137,58.949509,67.576302
2013-01-01,72.370949,52.664635,61.427792,77.45726,85.4618,48.981926,,132.804596,56.934349,153.045624,41.045887,60.049053,38.198765,29.60113,76.510269,82.318367,34.46978,23.699404,20.874741,59.601742,46.127941,66.347183,48.993435,35.480373,31.193001,33.450993,58.258251,67.893272
2012-12-01,71.160629,51.47361,62.666809,70.14119,80.259109,44.579163,,114.571571,52.620876,144.363449,39.161713,56.945854,35.698185,28.814198,70.825584,76.014526,32.318733,22.236017,19.19129,53.836651,43.199184,60.354752,47.942013,34.058109,30.949793,30.981531,56.512535,65.312469
2012-11-01,71.947464,50.058716,61.391335,66.720619,77.770218,44.462772,,105.349655,55.11216,142.62384,37.050003,56.148754,33.351875,29.936245,69.264191,73.968567,34.971165,21.003553,18.974926,55.375057,41.905151,59.514416,48.074577,33.326233,31.557781,28.156477,59.651653,66.09848
2012-10-01,69.773804,49.946083,58.217651,65.98558,81.118256,43.979282,,109.463837,51.986847,145.970535,33.007317,57.026478,33.590912,29.352037,69.073219,71.244049,36.021103,19.689209,18.861168,54.459988,40.885113,59.615253,49.497646,30.888706,31.581778,29.252506,62.13644,68.37075
2012-09-01,67.255241,50.740311,57.523396,66.942543,85.7687,46.808563,,101.673729,51.131409,155.665359,33.839321,55.488491,32.623798,29.741968,73.012306,75.164108,35.266914,20.44981,18.845997,54.554367,40.953114,56.954163,48.77903,29.891438,32.239723,30.257202,61.125977,68.580696
2012-08-01,69.88884,52.025311,58.659317,66.390152,81.875595,44.29266,,94.140648,47.81942,145.58902,35.359768,53.807789,29.932011,29.326384,70.657791,74.833801,33.663879,20.671614,17.929592,52.847576,41.481842,54.017189,47.801872,28.355703,30.379061,29.463924,59.808975,65.045822
2012-07-01,68.935623,51.324398,60.721424,65.102791,79.992218,43.997189,,89.848587,43.968594,146.43335,38.476673,55.236168,28.773352,31.678753,70.555145,73.726662,34.53968,19.820202,18.064857,50.326694,38.671379,52.273357,44.976017,28.537004,31.579796,29.958277,61.316566,64.710533
2012-06-01,66.980644,51.76907,61.041828,65.643967,77.013863,43.424168,,85.360634,44.651115,146.134506,36.103191,53.911522,28.557552,30.239677,69.899826,72.409378,32.294357,18.637564,17.283346,47.761223,39.23761,52.863247,51.310059,27.334236,31.090078,24.372002,57.436417,63.75684
2012-05-01,71.614883,49.652428,56.854996,67.739067,71.125076,40.926159,,84.812759,41.331638,143.530746,35.600052,49.337582,26.495461,28.901531,69.991394,67.745949,29.068796,22.664391,16.272943,48.572205,38.257324,51.74538,48.915577,25.278175,29.131218,24.9739,53.858521,58.185116
2012-04-01,90.132248,53.363163,62.727512,79.116898,77.093803,38.598274,,102.050049,43.38398,154.081619,41.827682,51.447647,34.128788,29.516462,76.344994,71.718735,30.352842,23.437468,17.039343,49.208645,42.144478,53.260715,49.248875,26.985331,27.88179,28.68889,48.204273,63.890396
2012-03-01,86.902145,51.280399,60.742779,82.003807,77.564064,39.198147,,110.22113,41.886295,155.249786,38.888126,52.127304,36.510963,28.206879,76.854225,71.598335,29.375643,22.41572,16.853331,51.969078,42.815563,48.668392,51.54528,25.892574,26.397243,27.404192,49.745567,64.178986
2012-02-01,83.762444,46.875557,60.858303,87.92392,78.345428,37.595486,,101.733917,39.605068,145.812729,39.514126,50.981533,31.158987,26.625221,77.236168,69.834763,29.199696,22.308231,15.560698,52.286102,43.050114,47.6572,48.755508,25.339916,26.314392,26.957855,48.022358,63.660336
2012-01-01,75.196831,44.272968,60.233089,83.631577,74.037567,34.828869,,98.491211,36.957508,142.751633,43.042511,51.631725,29.406826,25.737213,77.057259,69.125244,29.276199,21.495855,15.759528,48.35849,40.216724,47.928509,45.292336,21.914658,25.669781,27.120457,49.875622,61.629116
2011-12-01,68.259415,41.650497,59.559158,69.437523,76.39254,33.020885,,79.900955,35.000996,136.288528,39.781387,51.373203,26.213858,26.667152,78.053032,65.15519,28.498074,19.622471,15.936277,51.173775,37.516777,48.283401,44.172268,22.108463,27.346556,26.876566,48.273445,62.37978
2011-11-01,67.857468,42.418705,55.421909,75.017021,73.243141,31.567965,,84.3722,32.399296,138.784302,40.624767,50.233318,24.41634,25.253305,73.756233,64.151855,27.024036,19.583784,14.632803,49.532154,39.080555,45.90065,42.507545,20.9212,25.717489,27.227285,47.578751,58.8498
2011-10-01,63.789146,44.511547,53.082085,71.997353,74.83168,30.713825,,96.421585,29.574062,136.296539,37.762939,49.977192,27.165194,25.662727,71.69458,62.552792,26.079145,19.618399,14.042241,48.690277,39.784626,47.614269,41.82769,20.120771,24.860033,26.807407,45.817776,57.130539
2011-09-01,56.900967,39.481815,48.821949,56.280792,65.955879,26.557594,,83.219154,27.153612,129.091537,30.907854,49.433872,23.539001,25.033426,67.810623,56.829472,24.424959,17.162037,12.890278,48.073929,35.896965,39.428307,40.059357,18.494022,24.739031,26.557093,41.924236,53.136005
2011-08-01,59.466888,43.711372,53.581947,69.360146,69.848427,29.991772,,101.98381,27.372099,126.356247,35.158272,50.620605,29.353411,26.104271,69.341461,65.247681,24.723734,17.390829,13.685523,48.454384,37.63097,40.828075,41.275391,18.827503,24.315514,28.258699,42.657684,53.797665
2011-07-01,53.83556,44.001553,56.475044,74.980927,73.509048,34.007111,,118.437042,28.643126,133.662231,35.622135,49.84359,31.418932,25.200167,66.327301,68.5187,25.493082,18.093302,13.880209,46.407833,41.984524,44.606651,43.108112,18.326174,23.418125,31.332575,42.272736,57.99131
2011-06-01,57.224556,45.296978,59.247883,80.802406,72.675156,34.376938,,116.787315,29.479355,126.091576,33.976803,51.174507,31.79954,24.574959,64.67067,74.581123,26.076975,17.786587,14.853623,47.97765,44.858143,46.919998,44.654449,18.051943,24.705488,34.077381,42.617588,59.146904
2011-05-01,60.756447,45.209373,62.205139,80.301506,73.569107,36.657589,,123.174301,29.528196,123.613045,34.591484,51.321743,33.586018,24.399656,62.07568,73.776672,27.155821,16.693455,15.31823,50.566345,44.239964,49.893681,42.377575,17.237097,24.506409,34.878067,43.994629,60.323784
2011-04-01,64.043755,42.831059,63.600227,87.232124,76.745834,37.952,,132.171844,30.236284,124.820419,37.428394,50.124332,35.251266,24.637045,59.616718,75.988914,26.56468,16.272413,14.975443,48.578564,45.152294,50.858124,42.619991,16.611917,24.752016,34.150616,43.80341,63.583172
2011-03-01,64.141037,39.445065,58.936634,84.163399,75.378349,37.943199,,138.815079,29.958519,119.32505,38.36441,45.189682,35.614349,23.879183,57.92662,73.088791,24.110477,14.753751,14.504115,46.108456,42.667339,47.512177,39.018803,15.655012,25.24995,32.088127,41.180393,60.800743
2011-02-01,61.267281,38.022587,57.074436,77.799187,72.212517,38.515556,,143.045013,30.289948,117.987106,39.148514,46.439995,36.070141,23.008099,57.147232,71.665031,23.789099,17.35174,13.59701,47.193806,41.897144,47.87162,36.757103,15.408814,24.188578,34.503036,41.125027,61.488491
2011-01-01,62.498882,37.70174,55.069164,72.981407,66.073601,34.227242,,142.905228,29.724085,118.074593,35.464169,45.1777,34.67836,22.622959,55.629425,68.316032,24.227335,16.075161,12.87617,46.906113,40.773739,44.940052,35.436321,14.733822,23.034863,32.194336,44.360905,58.001774
2010-12-01,64.60154,37.301956,51.724434,70.461166,63.512241,32.672321,,146.870438,28.341749,106.96682,34.120861,46.749897,32.733776,23.674019,57.962742,67.057274,26.045647,16.412615,12.374412,47.79771,39.47982,44.208603,31.069481,14.845623,23.138327,31.016117,42.433506,52.566803
2010-11-01,64.445274,37.562683,50.239265,63.645248,55.878922,31.801287,,136.072571,24.23313,102.647751,28.402592,46.126202,28.860056,22.426027,58.666409,64.847908,24.91103,16.54903,11.401419,45.375515,37.533234,42.843689,31.422239,15.452919,20.700331,27.606361,42.559399,49.69458
2010-10-01,63.458916,35.863628,55.651577,58.807484,57.00383,31.470297,,140.42128,24.786615,104.200592,26.638048,47.767406,29.000128,21.76926,58.269302,65.033203,26.240782,15.647893,12.184833,46.872837,37.283905,43.803886,31.017849,16.354773,20.699255,26.837984,42.622345,47.501328
2010-09-01,57.247517,36.356678,52.421516,58.867329,55.934143,28.831081,,125.998314,25.412298,97.336113,24.507463,46.433445,29.331512,20.462824,55.826744,66.95594,26.326302,15.167553,12.009961,44.218407,35.518692,41.046978,30.098061,15.538717,20.769354,26.536961,42.110912,44.143589
2010-08-01,53.140282,34.488258,47.868546,48.751854,50.65033,28.3433,,119.0326,22.127617,88.906403,24.064611,42.332146,28.021381,19.539688,54.333408,60.276249,25.146233,13.248425,11.006031,43.997192,32.320847,38.596771,27.191977,14.338008,18.819233,21.160755,39.222908,41.928932
2010-07-01,52.223236,38.614384,53.357815,51.840786,52.106667,29.344988,,131.107117,22.676434,92.711594,24.545153,43.126522,30.999989,19.270439,51.856964,65.640129,24.645592,13.937346,10.376524,44.745789,35.240173,39.747032,26.103277,15.246343,18.189131,22.475433,40.044292,42.333248
2010-06-01,48.896637,34.187019,49.137108,44.646252,46.397564,27.437429,,114.11245,22.170681,89.159103,24.405998,43.846657,28.175516,17.231533,48.986359,60.613888,24.736057,12.595591,9.864614,43.882492,32.17215,38.512234,24.244165,14.705919,16.44886,21.019054,37.603626,40.481892
2010-05-01,50.436237,34.333401,49.9669,45.159088,50.039509,29.10981,,125.091675,26.743839,89.983139,24.490675,42.890663,30.461258,17.671602,49.315689,60.479168,23.830647,13.4962,10.425756,44.694584,33.202301,38.684265,24.816116,14.971877,16.155346,25.125391,39.323395,42.597256
